Group,Si,Al,Fe,Mg,Ca,K,Na,Ti,P,sum
earth,0.380215032,0.044234167,0.056680204,0.47907094,0.032137223,0.000312801,0.0058872,0.00127056,0.000191872,1
moon,0.384923312,0.053217518,0.066678789,0.455762857,0.034932065,0.000108956,0.002808252,0.001475958,9.23E-05,1
mars,0.383697701,0.032346849,0.136961691,0.41505761,0.023435226,0,0.008500924,0,0,1